,ids,dates,rts,likes,text
0,1471331152833175555,2021-12-16,98,401,"ACTUALIZACIÃ“N | Esta es la situaciÃ³n de la #COVID19 en PerÃº hasta las 22:00 horas del 14 de diciembre #NoBajemosLaGuardia

MÃ¡s informaciÃ³n: https://t.co/OPR1dhbwWN https://t.co/Sj0p9Y4Adc"
1,1471629500840562691,2021-12-16,90,453,ACTUALIZACIÃ“N | Esta es la situaciÃ³n de la vacunaciÃ³n contra la #COVID19 en PerÃº hasta las 18:00 horas del 16 de diciembre. #VacÃºnateYa ğŸ’‰âœ¨ https://t.co/3lg8hsZvar
2,1471616132767354880,2021-12-16,36,65,"ğŸ”´ATENCIÃ“N LIMA NORTE | Este 17, 18 y 19 de diciembre, el centro de vacunaciÃ³n de la Universidad Privada CÃ©sar Vallejo de Los Olivos estarÃ¡ cerrado. Las personas a las que le toca vacunarse en ese centro, pueden acudir al parque zonal Sinchi Roca por su vacuna. #VacÃºnatePorTu2022 https://t.co/XXtVjvQSdU"
3,1471609349374197765,2021-12-16,11,33,"â–¶ï¸ En las reuniones de intercambio de regalos #NoBajemosLaGuardia, sigue estas recomendaciones y evita contagiarte de la #COVID19. Â¡No llevemos el virus a casa! ğŸ˜·âœ¨ https://t.co/PXVBmuARVa"
4,1471598247047221258,2021-12-16,10,35,#VacÃºnatePorTu2022 ğŸ’ª | Â¿Las vacunas contra la COVID-19 tiene un chip para controlarnos? Una especialista en ingenierÃ­a electrÃ³nica del Instituto Nacional de InvestigaciÃ³n y CapacitaciÃ³n de Telecomunicaciones (Inictel) te contesta. #LaSaludEsTuDerecho https://t.co/9HgFOQpYmm
5,1471537088017272837,2021-12-16,5,34,"El plan de respuesta del sector Salud ante una sismo de gran magnitud en Lima Metropolitana y las regiones de Lima y Callao fue presentado por la @digerd_minsa  con la presencia del viceministro de Prestaciones y Aseguramiento en Salud, Augusto Tarazona. https://t.co/tNLBNQN9sH"
6,1471511326186901506,2021-12-16,6,26,"Este sÃ¡bado, todos los ciudadanos pueden acudir a donar a los bancos de sangre de Lima Metropolitana y Callao https://t.co/4BsDP9FTnP https://t.co/1eStsVbdk5"
7,1471333521633554436,2021-12-16,11,82,"""Destaco el trabajo de las y los enfermeros en la lucha contra la #COVID19, el cual ha permitido llegar a diferentes regiones del paÃ­s."" SeÃ±alÃ³ el Ministro Cevallos en el I Consejo Nacional de decanos regionales del Colegio de Enfermeros del PerÃº. https://t.co/vk5aC9PQvY"
8,1471509578474917892,2021-12-16,23,65,"Para promover la donaciÃ³n voluntaria de sangre, el #Minsa iniciÃ³ la â€œDonatÃ³n NavideÃ±aâ€ que se realizarÃ¡ los dÃ­as 16, 17 y 18 de diciembre, teniendo como puntos de recolecciÃ³n los Bancos de Sangre de Lima Metropolitana y Callao que puedes ver aquÃ­ https://t.co/NZDX4poFTz https://t.co/l6XfzvLpRh"
9,1471504408575819780,2021-12-16,11,45,"Ministro Cevallos: â€œNecesitamos avanzar a tener una Historia ClÃ­nica ElectrÃ³nica que permita un seguimiento ordenado, una evaluaciÃ³n de las enfermedades y de las polÃ­ticas de prevenciÃ³n que estamos llevando adelante. Ambicionamos un sistema de salud verdaderamente integradoâ€ https://t.co/RzNnII5tHr"
10,1471504401575526400,2021-12-16,11,83,#LaSaludEsTuDerecho | Experiencias sobre la implementaciÃ³n de un sistema de historia clÃ­nica electrÃ³nica son presentadas en un seminario organizado por el Programa CreaciÃ³n de Redes Integradas de Salud del #Minsa https://t.co/wBvTP95V25
11,1471495372895764488,2021-12-16,4,31,"#LaSaludEsTuDerecho | Un ejercicio de simulaciÃ³n de sismo y tsunami de gran magnitud es desarrollado por la @digerd_minsa para fortalecer la capacidad de respuesta del sector Salud, de manera articulada, ante este tipo de emergencias. https://t.co/ELoOQ7PJnQ"
12,1471333525303570434,2021-12-16,2,27,"AdemÃ¡s reafirmÃ³ que la pandemia le ha enseÃ±ado a su sector a saber por dÃ³nde caminar, muestra de ello es que casi el 73 % de poblaciÃ³n objetiva, cuenta ya con sus dos dosis contra la #COVID19 y el objetivo para fin de aÃ±o es llegar al 80 %. https://t.co/TOEGYuf1UC"
13,1471510435216035852,2021-12-16,15,41,Â¡Regala una sonrisa en esta navidad! âœ¨ Una unidad de sangre donada  puede salvar hasta 3 vidas. #AmaDonaVive ğŸ©¸ https://t.co/8ZwO34AIqP
14,1471987250367979532,2021-12-17,49,266,ACTUALIZACIÃ“N | Esta es la situaciÃ³n de la vacunaciÃ³n contra la #COVID19 en PerÃº hasta las 18:00 horas del 17 de diciembre. #VacunatePorTu2022 ğŸ’‰âœ¨ https://t.co/VNaYqWrilx
15,1471979659491426305,2021-12-17,183,747,Â¡Un nuevo Ã©xito del PerÃº! ğŸ’ªğŸ¼ El 73% de la poblaciÃ³n objetivo cuenta con ambas dosis de la vacuna contra la #COVID19. ğŸ‡µğŸ‡ª  Juntos seguiremos avanzando en este proceso de vacunaciÃ³n. #VacÃºnatePorTu2022 ğŸ’‰âœ¨ https://t.co/PU20mL8UhB
16,1471959254747820034,2021-12-17,0,4,"@ciberescritor Si ha visto esos casos, por favor repÃ³rtelos en el establecimiento de salud mÃ¡s cercano. https://t.co/nBJQfZRqyM"
17,1471948610996690954,2021-12-17,38,148,"Si estÃ¡s protegido contra el virus, protegerÃ¡s a los demÃ¡s. â¤ï¸ El futuro estÃ¡ en nuestras manos ğŸ¶ğŸµ
âœ¨ Hoy, todos seguimos luchando por un PerÃº sin #COVID19. ğŸ’ª Â¡La vacuna es vida! ğŸ’‰ #SiempreConElPueblo https://t.co/mvn2YPyl6U"
18,1471936211895963655,2021-12-17,5,29,"ğŸ”´ğŸ“² InfÃ³rmate en #TiempoDeSalud:
âœ… Brigadas de vacunaciÃ³n llegaron a La Victoria, San Juan de Lurigancho e Independencia.
âœ… VacunaciÃ³n masiva contra la #COVID19
âœ… ""DonatÃ³n NavideÃ±a"" promueve la donaciÃ³n de sangre. https://t.co/zXaDA1hj3X"
19,1471930745396600837,2021-12-17,3,14,"Ministro Cevallos: ""El 90% de personas que tenemos hospitalizadas y en UCI, lamentablemente son personas que no se han vacunado o no han completado las dos dosis. La vacunaciÃ³n y las medidas de prevenciÃ³n son el arma mÃ¡s importante contra la #COVID19"". https://t.co/2ZYgjYqbqT"
20,1471930724202815497,2021-12-17,1,17,"""Con emociÃ³n destacamos el aporte de los artistas en la canciÃ³n ""El futuro estÃ¡ en nuestras manos"" y en esta lucha que enfrentamos los peruanos por defender la vida y la salud ante la #COVID19"", sostuvo el titular del #Minsa. https://t.co/WI5hmjmI0u"
21,1471918121300774919,2021-12-17,17,73,â–¶ï¸ Conoce como brindar primeros auxilios a una persona en caso de emergencias por desastres naturales. ğŸš¨âœ¨
22,1471916669777940480,2021-12-17,11,45,"Lanzamiento de ""El futuro estÃ¡ en nuestras manos"", da esperanza ante la #COVID19 y motiva a la poblaciÃ³n a completar las dosis de vacunaciÃ³n y que #NoBajemosLaGuardia estas fiestas. 

Ministro Cevallos junto a la @pcmperu Mirtha VÃ¡squez y Dina Boluarte @MidisPeru, @OPSOMSPeru. https://t.co/MdPPmhsVpW"
23,1471898038172016651,2021-12-17,7,19,"Hoy se lanza la canciÃ³n ""El futuro en tus manos"", un himno de esperanza ante la #COVID19 que busca motivar a la poblaciÃ³n a completar sus dosis de vacunaciÃ³n y que #NoBajemosLaGuardia

https://t.co/8AiO2DyOBQ"
24,1471975855085731848,2021-12-17,5,33,"Con el fin de establecer estrategias para la futura ejecuciÃ³n del proyecto de construcciÃ³n del Hospital de Sechura, el ministro de Salud, Hernando Cevallos, se reuniÃ³ con el alcalde provincial de Sechura, Justo Eche, y la directora ejecutiva de @AutoridadRCC, Amalia Moreno. https://t.co/ItyuP4XHDg"
25,1471889335976923140,2021-12-17,23,115,"En el VI Encuentro Nacional de Recursos en Salud, participan gestores de recursos humanos de salud de todas las regiones del paÃ­s, abordando la problemÃ¡tica de la brecha del personal de salud en el primer nivel de atenciÃ³n. https://t.co/MyenSajykV"
26,1471676988242997253,2021-12-17,126,342,"ACTUALIZACIÃ“N | Esta es la situaciÃ³n de la #COVID19 en PerÃº hasta las 22:00 horas del 15 de diciembre. #NoBajemosLaGuardia

MÃ¡s informaciÃ³n: 
https://t.co/6Et99X17E5 https://t.co/kT4LJVE8Hj"
27,1471804868834643972,2021-12-17,15,43,"â¡ï¸ InfÃ³rmate con Apuntes en Salud, publicaciÃ³n digital del Minsa.  

ğŸ“² https://t.co/aLYff6cztn

#NoBajemosLaGuardia ğŸ’ª https://t.co/R5N5HVfFz8"
28,1471827098440384512,2021-12-17,2,30,"Para dar a conocer el avance del traslado del hospital antiguo al nuevo hospital de Ate Vitarte, el viceministro de Prestaciones y Aseguramiento en Salud, Augusto Tarazona, se reuniÃ³ con el congresista Luis PicÃ³n. https://t.co/CWv3YvPtWR"
29,1471829128139534336,2021-12-17,22,39,Â¡Regala una sonrisa en esta navidad! âœ¨ Una unidad de sangre donada  puede salvar hasta 3 vidas. #AmaDonaVive https://t.co/l09So4pj0U
30,1471647767692865537,2021-12-17,33,92,"#VacÃºnatePorTu2022 ğŸ’ª | Si eres mayor de 12 aÃ±os, ven por tu primera, segunda o tercera dosis contra la #COVID19 Campus USIL de La Molina, este 17 de diciembre desde las 7:00 a.m. Â¡Te esperamos! ğŸ’‰âœ¨ https://t.co/e3pWA0HlhB"
31,1471867020798947332,2021-12-17,12,40,"â˜ï¸ Cuidar nuestra burbuja social es clave para evitar el contagio de la #COVID19. En el siguiente vÃ­deo te explicamos por quÃ© es importante protegerla. 

âœ…Cuida a tu familia, evitando las visitas y reuniones con familiares o amigos. 
#NoBajemosLaGuardia https://t.co/CTPIl4W48s"
32,1471871741278314497,2021-12-17,495,2477,"""Nosotros hemos batido rÃ©cord mundial, en solo 4 meses de pasar del 18% al 73% de la poblaciÃ³n vacunada. 
No hay dÃ­a, ni noche que nuestro personal pare, ellos siguen acercando la salud a los que mÃ¡s necesiten"" refiriÃ³ Hernando Cevallos, ministro de salud. https://t.co/ei8AznOP8O"
33,1471881893939486723,2021-12-17,6,63,El #Minsa articula con @EsSaludPeru la mejora en la gestiÃ³n de informaciÃ³n y el avance en la implementaciÃ³n del plan de respuesta frente a la #COVID19 de manera conjunta e integral. https://t.co/YVxWQqDZj9
34,1471881950768021504,2021-12-17,0,13,"En la reuniÃ³n se explicaron los procesos de la implementaciÃ³n y supervisiÃ³n, los indicadores que consolidan la informaciÃ³n del centro de epidemiologÃ­a y control de enfermedades socializados en las intervenciones de #VamosATuEncuentro. https://t.co/O2l5qAPNeo"
35,1471853452577976322,2021-12-17,10,33,"Se debate la problemÃ¡tica de la brecha del personal de salud en el primer nivel de atenciÃ³n a nivel nacional en el VI Encuentro Nacional de Recursos Humanos en Salud, con la participaciÃ³n del ministro de Salud, Hernando Cevallos.

SÃ­guelo aquÃ­â¬‡ï¸
https://t.co/5XwktXJDko"
36,1471891899430719495,2021-12-17,8,28,"En el estadio Ollantaytambo, Ate, se desarrolla una campaÃ±a integral de servicios de salud para la poblaciÃ³n.
#NoBajemosLaGuardia Y mantengamos las medidas de prevenciÃ³n contra la #COVID19 en estas fiestas. https://t.co/vdijcj3GQZ"
37,1472227245515280400,2021-12-18,21,123,"Â¡AsÃ­ se vive la vacunaciÃ³n en el centro de vacunaciÃ³n del Parque de las Leyendas, San Miguel! Las personas desde los 12 aÃ±os reciben su dosis contra la #COVID19. ğŸ’‰âœ¨ #VacÃºnatePorTu2022 https://t.co/qLtZxBriwA"
38,1472354930761498626,2021-12-18,8,52,"Con el objetivo de firmar un convenio para que el @SIS_PERU financie atenciones como albergue para pacientes, entre otros que #VidaWasi brinda, los representantes de esa instituciÃ³n se reunieron con el jefe de gabinete de asesores del #Minsa, Julio Castro  y el director del INEN. https://t.co/javOHX5IgN"
39,1472333909685944322,2021-12-18,10,47,"ğŸ“Los 206 Centros de Salud Mental Comunitaria a nivel nacional, cuentan con un programa de continuidad de cuidados a domicilio. El esquema tambiÃ©n incluye un programa de acompaÃ±amiento para niÃ±os, niÃ±as y adolescentes por orfandad asociada a la #COVID19. https://t.co/gUgWFzbc8y"
40,1472275786182930443,2021-12-18,13,79,"Â¡AsÃ­ se vive la Primera ""Gran DonatÃ³n de Sangre""ğŸ©¸en todos los Bancos de Lima Metropolitana! TÃº  tambiÃ©n puedes ser un hÃ©roe y salvar muchas vidas estÃ¡ Navidad. AcÃ©rcate hasta las 5 p.m. a los siguientes puntos para donar:  https://t.co/vbTle5ha5S #AmaDonaVive â™¥ï¸ Â¡Te esperamos!âœ¨ https://t.co/QEXlqttaQg"
41,1472247237854089221,2021-12-18,32,252,Â¡La vacunaciÃ³n no se detiene! ğŸ’ª Las personas siguen acudiendo con sus vehÃ­culos al vacunacar de la Costa Verde de Magdalena para protegerse contra la #COVID19. ğŸ’‰âœ¨ #VacÃºnatePorTu2022 ğŸ‡µğŸ‡ª https://t.co/1SrvJ3OB5j
42,1472220106474229762,2021-12-18,9,40,â–¶ï¸ Conoce como atender quemaduras en casos de emergencias. ğŸš¨âœ¨
43,1472059538480185351,2021-12-18,114,401,"ACTUALIZACIÃ“N | Esta es la situaciÃ³n de la #COVID19 en PerÃº hasta las 22:00 horas del 16 de diciembre. #NoBajemosLaGuardia

MÃ¡s informaciÃ³n: https://t.co/lt6auHXuEb https://t.co/15geNtNnYM"
44,1472022811275411458,2021-12-18,9,58,"Â¡LlegÃ³ el #VacunaFestNavideÃ±o a la @_USIL! ğŸ’‰ğŸ…ğŸ»ğŸ„ 
MÃ¡s de 1000 atenciones en el Campus Universitario con el objetivo de vacunar a mÃ¡s peruanos con la primera, segunda o tercera dosis contra la #COVID19 y otros servicios de salud.
#VacÃºnatePorTu2022 ğŸ’‰âœ¨ https://t.co/MbTZQBRRfo"
45,1472016263547293696,2021-12-18,18,112,"Â¡Continuamos sumando esfuerzos para cuidar la salud de todos! ğŸ’ªğŸ¼ 
VacÃºnate contra la #COVID19 y apoya la reactivaciÃ³n econÃ³mica. Juntos llevaremos mÃ¡s salud.
#VacÃºnatePorTu2022 ğŸ’‰âœ¨ https://t.co/9DKZADpboO"
46,1471993618621767680,2021-12-18,27,96,ğŸ”´ ATENCIÃ“N LIMA METROPOLTANA Y CALLAO | Dosis de refuerzo contra la #COVID19 para pacientes oncolÃ³gicos. ğŸ’‰âœ¨ #VacÃºnatePorTu2022 #SiempreConElPueblo https://t.co/KCdYIJLKWY
47,1472189907653341187,2021-12-18,16,34,"ğŸ‘‰ğŸ¼ Conoce mÃ¡s sobre el uso del pulsioxÃ­metro, un dispositivo que permite controlar la saturaciÃ³n de oxÃ­geno en la sangre. #NoBajemosLaGuardia https://t.co/LJVLhcEsCD"
48,1472710477117419525,2021-12-19,86,303,"Ante confirmaciÃ³n de casos de Ã“micron en el paÃ­s, en este momento un equipo tÃ©cnico del #Minsa, presidido por el ministro  @HCevallosFlores, se reÃºne con @INS_Peru para analizar la nueva estrategia a implementarse y posibles nuevas medidas para fin de aÃ±o. https://t.co/ohJspoitRv"
49,1472703291498897416,2021-12-19,16,44,"#LaSaludEsTuDerecho |Reactivemos completamente la economÃ­a. Para tu protecciÃ³n contra la COVID-19, necesitas completar las 02 dosis.  #VacÃºnatePorTu2022. https://t.co/3jq0luadL6"
50,1472688192490901504,2021-12-19,18,56,"ProtÃ©gete de las variantes de la #COVID-19, vacÃºnate con tu dosis de refuerzo. https://t.co/1wvzUWM039"
51,1472649489554948104,2021-12-19,0,3,@Elpr74 https://t.co/FT4kUudwW5
52,1472642897358905346,2021-12-19,11,50,#VacÃºnatePorTu2022 ğŸ’ª | Â¡Todas las vacunas son buenas y seguras! Completa tus 2 dosis contra la #COVID19 para estar protegido. ğŸ’‰âœ¨ #LaSaludEsTuDerecho https://t.co/OnZhUoNmbY
53,1472613588283973633,2021-12-19,36,96,"#NoBajemosLaGuardia | Equipos epidemiolÃ³gicos del Minsa realizan el cerco de los cuatro casos de la variante Ã³micron que han sido detectados en el PerÃº, anunciÃ³ el ministro de Salud, Hernando Cevallos. https://t.co/LMXy98EHoO"
54,1472603893641060357,2021-12-19,20,94,"Ante esta nueva variante, el ministro recomendÃ³ que la poblaciÃ³n continÃºe cumpliendo las medidas de prevenciÃ³n para evitar contagiarse con la #COVID19. En estas fiestas  #NoBajemosLaGuardia, cuida tu salud y la de tu familia. https://t.co/7WWDOAiQFl"
55,1472612758323531777,2021-12-19,264,507,"Conoce mÃ¡s acerca de la nueva variante #Ã“micron de la #COVID19. 

âœ… Sigamos cumpliendo las medidas de prevenciÃ³n para evitar los contagios. ğŸ˜·âœ¨ #NoBajemosLaGuardia https://t.co/4cuDe8Qjo8"
56,1472612695463665666,2021-12-19,11,40,"#AmaConfÃ­aYProtege | Â¡Ponte al dÃ­a en tus vacunas! Este 20,21 y 22 se inicia la Jornada Nacional de VacunaciÃ³n. #LaSaludEsTuDerecho https://t.co/8sFBdFvwgM"
57,1472611241709510661,2021-12-19,4,30,Â¡AsÃ­ se vive la vacunaciÃ³n contra la #COVID19 en el Banco de la NaciÃ³n de Puente Piedra! ğŸ’‰âœ¨ #VacÃºnatePorTu2022 ğŸ’ª https://t.co/XzkBMAJCtu
58,1472601793452560387,2021-12-19,0,2,"@WSILIMALIM7 Buenos dÃ­as, estamos trabajando en la digitaciÃ³n de la informaciÃ³n de los vacunados Â¿PodrÃ­a enviarnos los datos de su hijo por interno?"
59,1472567393352310791,2021-12-19,73,205,"â–¶ï¸ Si vas a comer panetÃ³n en estas fiestas recuerda, una sola tajada de panetÃ³n equivale a comer 5 panes. Sigue estas recomendaciones para cuidar de tu salud. ğŸ‘‡ğŸ» #ComeSanoViveSaludable https://t.co/9zbrpGGjS6"
60,1472595814815989760,2021-12-19,2,20,El ministro supervisa la vacunaciÃ³n de adultos mayores que acuden al banco a recibir el bono. https://t.co/enkZkDXxKJ
61,1472599805092241409,2021-12-19,234,509,"#Ahora, desde Villa el Salvador, el ministro Hernando Cevallos anunciÃ³ que la variante #Omicron habrÃ­a sido detectada en el PerÃº. https://t.co/lQZnl9Rh1n"
62,1472359783021916162,2021-12-19,13,76,AsÃ­ se vive el #VacunaFest en el Parque Zonal Huiracocha. Recuerda que son 36 horas ininterrumpidas del #VacunaFestNavideÃ±o. Â¡Ven y #VacÃºnatePorTu2022! ğŸ’‰âœ¨ https://t.co/OFOol22iWU
63,1472374214581760004,2021-12-19,25,127,"#AmaDonaVive â¤ï¸ | Gracias a los donantes voluntarios y a los 22 Bancos de Sangre de Lima Metropolitana en esta DonatÃ³n NavideÃ±a se alcanzÃ³ la cifra de 654 unidades de sangre, las cuales ayudarÃ¡n a salvar la vida de 1 962 pacientes. ğŸ©¸âœ¨ https://t.co/XkTRDmkZSK"
64,1472387003203211269,2021-12-19,133,498,"ACTUALIZACIÃ“N | Esta es la situaciÃ³n de la #COVID19 en PerÃº hasta las 22:00 horas del 17 de diciembre. #NoBajemosLaGuardia

MÃ¡s informaciÃ³n:  https://t.co/f5f6cPtlQp https://t.co/CpsIE50xMy"
65,1472382243041591299,2021-12-19,19,119,"â¡ï¸ Â¡ContinÃºa la vacunaciÃ³n contra la #COVID19 en Campo de Marte, JesÃºs MarÃ­a! #VacÃºnatePorTu2022 y protege tu salud. ğŸ’‰âœ¨ https://t.co/eYP0MIiGx9"
66,1472537199086170112,2021-12-19,8,40,"ğŸ™ğŸ’¬ Â¡Bienvenidos a PodSalud!

Hoy hablaremos sobre los signos y sÃ­ntomas de la psicosis, asÃ­ como la importancia de una identificaciÃ³n temprana desde la adolescencia y la juventud.

#NoBajemosLaGuardia ğŸ’ª"
67,1472577877698772996,2021-12-19,21,106,"Â¡Seguimos vacunando contra la #COVID19! ğŸ’ªğŸ¼ Las brigadas de salud se encuentran en el Parque CÃ¡nepa de Gamarra protegiendo a las personas de 12 aÃ±os a mÃ¡s que acuden por su primera, segunda y dosis de refuerzo. #VacÃºnatePorTu2022 âœ¨ https://t.co/fGwNhhehZx"
68,1472577906144468992,2021-12-19,4,23,"El ministro de Salud, Hernando Cevallos, supervisa este punto de vacunaciÃ³n, donde comerciantes y poblaciÃ³n en general acuden para completar su vacunaciÃ³n contra la #COVID19. https://t.co/cRfJTWBHez"
69,1472595803130953734,2021-12-19,7,54,El #Minsa intensifica vacunaciÃ³n de la dosis de refuerzo en articulaciÃ³n con el @MidisPeru y el @BancodelaNacion a nivel nacional. Â¡#VacÃºnatePorTu2022 en Villa El Salvador! https://t.co/zfOAw8VwK6
70,1472388889302257680,2021-12-19,9,36,"@suriel @HCevallosFlores Estimado @suriel buenas noches, le agradecerÃ­amos nos pueda brindar por interno un nÃºmero de contacto."
71,1472942373722365955,2021-12-20,3,13,"@FrancoSalinasL El #Minsa reitera que en el PerÃº se vienen aplicando las vacunas de Pfizer y AstraZeneca como dosis de refuerzo. Asimismo, se recuerda que las vacunas de #Sinopharm han protegido adecuadamente a millones de peruanos del riesgo de morir por COVID-19."
72,1472943040818036740,2021-12-20,78,225,"@lhuacho @saludconlupa El #Minsa reitera que en el PerÃº se vienen aplicando las vacunas de Pfizer y AstraZeneca como dosis de refuerzo. Asimismo, se recuerda que las vacunas de #Sinopharm han protegido adecuadamente a millones de peruanos del riesgo de morir por COVID-19."
73,1472943650044878859,2021-12-20,2,15,@jmrv76 @RPPNoticias Los primeros estudios en Estados Unidos y Europa indican que la dosis de refuerzo con Pfizer o AstraZeneca protege de la variante Ã³micron
74,1472943849714692103,2021-12-20,2,8,"@Augusto38246200 @RPPNoticias El #Minsa reitera que en el PerÃº se vienen aplicando las vacunas de Pfizer y AstraZeneca como dosis de refuerzo. Asimismo, se recuerda que las vacunas de #Sinopharm han protegido adecuadamente a millones de peruanos del riesgo de morir por COVID-19."
75,1472944368373821440,2021-12-20,12,88,"Â¡#VamosATuEncuentro casa por casa! ğŸ’‰ğŸš˜
MÃ¡s de 40 brigadas de salud se despliegan en el Sector 2 del Grupo 10 en Villa El Salvador para vacunar contra la #COVID19. TambiÃ©n se instalÃ³ un punto fijo en la losa deportiva de dicho lugar.
Â¡Los esperamos! #LaSaludEsTuDerecho âœ¨ https://t.co/HvTrYPfH4v"
76,1472946871291240448,2021-12-20,12,119,"@aliabusc El #Minsa reitera que en el PerÃº se vienen aplicando las vacunas de Pfizer y AstraZeneca como dosis de refuerzo. Asimismo, se recuerda que las vacunas de #Sinopharm han protegido adecuadamente a millones de peruanos del riesgo de morir por COVID-19."
77,1472946981563731969,2021-12-20,3,46,"@estelacm @omneco @RPPNoticias @HCevallosFlores @drhuerta El #Minsa reitera que en el PerÃº se vienen aplicando las vacunas de Pfizer y AstraZeneca como dosis de refuerzo. Asimismo, se recuerda que las vacunas de #Sinopharm han protegido adecuadamente a millones de peruanos del riesgo de morir por COVID-19."
78,1472947198174408713,2021-12-20,0,3,@Jhonass @respetomujeril La vacuna Sinopharm no ha sido usada para menores de 18 aÃ±os en el PerÃº
79,1472947773880344582,2021-12-20,11,29,"@EduJara_ @patarevalo SÃ­, el #Minsa reitera que en el PerÃº se vienen aplicando las vacunas de Pfizer y AstraZeneca como dosis de refuerzo. Asimismo, se recuerda que las vacunas de #Sinopharm han protegido adecuadamente a millones de peruanos del riesgo de morir por COVID-19."
80,1472948293378400262,2021-12-20,0,4,@Walyan0 La decisiÃ³n de adelantar la aplicaciÃ³n de la dosis de refuerzo ha sido de emergencia. La implementaciÃ³n en todos los centros de vacunaciÃ³n se producirÃ¡ durante el dÃ­a.
81,1472949122378383372,2021-12-20,0,0,@gaby_hc La tercera dosis de refuerzo es para mayores de 18 aÃ±os que hayan cumplido 3 meses con su segunda dosis.
82,1472946043025297408,2021-12-20,69,239,"@crisanris Hola, la ampliaciÃ³n de la dosis de refuerzo ha sido una medida de emergencia tomada esta maÃ±ana. Los centros de vacunaciÃ³n irÃ¡n implementÃ¡ndola a lo largo del dÃ­a"
83,1472942015172198413,2021-12-20,0,7,@AdrianR71122238 @omneco @RPPNoticias Basta con presentar el carnet que te dieron en el exterior para que puedas recibir la segunda dosis
84,1472940569257291792,2021-12-20,3,10,@Lilarosahu @RPPNoticias @drhuerta El #Minsa reitera que en el PerÃº se vienen aplicando las vacunas de Pfizer y AstraZeneca como dosis de refuerzo
85,1472939701434781698,2021-12-20,16,192,"@omneco @RPPNoticias Asimismo, el #Minsa recuerda que las vacunas de #Sinopharm han protegido adecuadamente a millones de peruanos del riesgo de morir por COVID-19."
86,1472938264168443909,2021-12-20,16,81,@omneco @RPPNoticias El #Minsa reitera que en el PerÃº se vienen aplicando las vacunas de Pfizer y AstraZeneca como dosis de refuerzo
87,1472937128678109186,2021-12-20,41,157,El #Minsa precisa que la aplicaciÃ³n de la dosis de refuerzo serÃ¡ solo para personas desde los 18 aÃ±os
88,1472927644274638857,2021-12-20,11,75,"Esta maÃ±ana, desde el @INS_Peru de Chorrillos, el ministro Hernando Cevallos participÃ³ de la presentaciÃ³n de los hospitales mÃ³viles destinados para atender emergencias y desastres en temporada de lluvias. https://t.co/sO8nRAgiVS"
89,1472921185272930307,2021-12-20,1,2,@acapunayl @radio_santarosa @rmapalacios El #Minsa reitera que en el PerÃº se vienen aplicando las vacunas de Pfizer y AstraZeneca como dosis de refuerzo
90,1472919741853585408,2021-12-20,110,328,"Asimismo, el ministro Cevallos anunciÃ³ que el #Minsa propondrÃ¡ adelantar el toque de queda a las 11:00 p.m. los dÃ­as 24  y 31 de diciembre; y reducir los aforos al 60%."
91,1472916953794809856,2021-12-20,69,225,"El titular del sector salud confirmÃ³ 8 nuevos caos de la variante #Ã³micron, lo que hace un total de 12 casos en el paÃ­s."
92,1472913369816436736,2021-12-20,1453,2717,#LaSaludEsTuDerecho âœ¨ | El #Minsa adelantÃ³ la aplicaciÃ³n de la dosis de refuerzo para todas las personas que tengan mÃ¡s de tres meses desde que recibieron la segunda dosis. https://t.co/cOkGtvZ6nm
93,1472775577954258944,2021-12-20,16,18,"@cdc_peru lanza alerta epidemiolÃ³gica ante confirmaciÃ³n de casos de Ã³micron de la #COVID19 en Lima Metropolitana.
https://t.co/8rABXkjxLN https://t.co/JEoqYALXOB"
94,1472764917098815488,2021-12-20,69,384,ACTUALIZACIÃ“N | Esta es la situaciÃ³n de la vacunaciÃ³n contra la #COVID19 en PerÃº hasta las 20:00 horas del 19 de diciembre. #VacÃºnatePorTu2022 ğŸ’‰âœ¨ https://t.co/ul70HS3Jtf
95,1472737843940409344,2021-12-20,136,365,"ACTUALIZACIÃ“N | Esta es la situaciÃ³n de la #COVID19 en PerÃº hasta las 22:00 horas del 18 de diciembre. #NoBajemosLaGuardia

MÃ¡s informaciÃ³n: 
https://t.co/AGEqvIUXcL https://t.co/XyNdGOYjC6"
96,1472950573527973894,2021-12-20,4,15,"@decc2019 @AdrianzenEduard En Europa y EEUU, los primeros estudios indican que a partir del tercer mes disminuyen los anticuerpos producidos por la vacuna, por lo que es necesario el refuerzo. TambiÃ©n se ha demostrado la eficacia de la tercera dosis contra Ã³micron. UK, Grecia y CanadÃ¡ ya lo hacen."
97,1472941581221122048,2021-12-20,5,42,"@joc_alonso @drhuerta El #Minsa reitera que en el PerÃº se vienen aplicando las vacunas de Pfizer y AstraZeneca como dosis de refuerzo. Asimismo, se recuerda que las vacunas de #Sinopharm han protegido adecuadamente a millones de peruanos del riesgo de morir por COVID-19."
98,1472937382794178569,2021-12-20,10,68,@tonyhawkzz La decisiÃ³n de adelantar la aplicaciÃ³n de la dosis de refuerzo ha sido de emergencia. La implementaciÃ³n en todos los centros de vacunaciÃ³n se producirÃ¡ durante el dÃ­a
99,1472958386849427461,2021-12-20,1,4,"@Jhonass En el PerÃº, la vacuna para todos los menores de edad se realiza con Pfizer. Por favor, no compartir informaciÃ³n falsa"
100,1472959001482702853,2021-12-20,41,88,"@Patricia_Neyra La vacuna Sinopharm ha protegido a millones de peruanos del riesgo de morir por la COVID-19. Sin embargo, estudios preliminares indican que es menos efectiva para contrarrestar la variante Ã³micron, por lo que se requiere recibir una tercera dosis de Pfizer o AstraZeneca"
101,1472976374814195720,2021-12-20,9,62,Las brigadas de vacunaciÃ³n se encuentran en el distrito de Villa El Salvador para realizar un barrido de vacunaciÃ³n contra la #COVID19 casa por casa acompaÃ±adas por el ministro Hernando Cevallos. #VacunateporTu2022 https://t.co/Za7wfWUTh1
102,1472980537316892674,2021-12-20,311,740,"Si tienes 18 aÃ±os o mÃ¡s y completaste tu segunda dosis hace tres meses, ya puedes recibir tu dosis de refuerzo. ğŸ’‰âœ¨ Acude al centro de vacunaciÃ³n mÃ¡s cercano y protÃ©gete de la #COVID19. ğŸ’ªğŸ¼ #VacÃºnatePorTu2022 https://t.co/gyD0LlqrTA"
103,1472990389950984205,2021-12-20,15,53,El @hospitalloayza y la #UDEX de la @PoliciaPeru realizaron una demostraciÃ³n sobre los severos daÃ±os que pueden causarse las persona al usar de manera inadecuada los artefactos pirotÃ©cnicos. https://t.co/9XLPoaprFQ
104,1472990396527661058,2021-12-20,4,17,La @SucamecPeru durante la actividad informÃ³ que el uso indiscriminado de pirotecnia ante las celebraciones por fin de aÃ±o incrementa en un 30 % el riesgo de incendios. la #UDEX recomienda adquirir productos pirotÃ©cnicos en ferias autorizadas por la #SucamecPeru. https://t.co/gjguvp5xNz
105,1472997728921669634,2021-12-20,25,117,"El @INS_Peru presentÃ³ esta maÃ±ana, la nueva plataforma tecnolÃ³gica de pruebas moleculares para el diagnÃ³stico temprano de la #COVID19 que permitirÃ¡ realizar cuatro muestras con resultados en una hora, el ministro Hernando Cevallos participÃ³ de esta actividad. https://t.co/Pcai54nsYf"
106,1473004765462286340,2021-12-20,8,51,Hoy conversaremos con nuestro especialista sobre la variante #Ã“micron. Â¡ConÃ©ctate al space a las 4 p.m.! https://t.co/vv3nTpp97s
107,1473005282922016774,2021-12-20,12,47,"El viceministro, Augusto Tarazona, se reuniÃ³ con los directores de los diferentes hospitales, institutos y Diris para homogeneizar criterios respecto a la preparaciÃ³n de los servicios de salud para responder a un posible incremento de casos por la variante #Ã“micron de la #COVID19 https://t.co/TlwuCVSRJx"
108,1473012830966145024,2021-12-20,11,84,"La Unidad de Rescate de la @PoliciaPeru refuerza su vacunaciÃ³n colocÃ¡ndose su 3era dosis ğŸ’‰âœ¨
Y tÃº, Â¿QuÃ© esperas? 
#VacÃºnatePorTu2022 âœ¨ https://t.co/jiJud697T7"
109,1473037835854913539,2021-12-20,19,44,"En el Space de hoy, conversamos con nuestro especialista sobre la variante Ã³micron. Â¡Ãšnete aquÃ­! ğŸ‘‡ğŸ»

https://t.co/2UfqJXxkaf"
110,1473039388430974981,2021-12-20,0,1,@navesinpuertos Se estÃ¡ aplicando la dosis de refuerzo para mayores de 18 aÃ±os.
111,1473050584261533710,2021-12-20,94,277,"Â¡Vamos por la dosis de refuerzo! ğŸ’‰âœ¨ 
Si tienes 18 aÃ±os o mÃ¡s y completaste tu segunda dosis hace tres meses, acude por tu dosis de refuerzo.ğŸ’‰âœ¨ #VacÃºnatePorTu2022 https://t.co/6pLKLqxlB6"
112,1473065677040746496,2021-12-20,15,48,"ğŸ¶  En estas fiestas lleva amor, paz y salud a tu hogar. ğŸ„âœ¨ Â¡Vive la navidad junto a los Toribianitos! #NoBajemosLaGuardia ğŸ’ªğŸ…ğŸ» https://t.co/8F8Zn7OuXV"
113,1473067523117486081,2021-12-20,21,132,Â¡Seguimos avanzando! ğŸ’ªğŸ» Del 13 al 19 de diciembre se aplicaron en el PerÃº: 1 604 663 dosis ğŸ‡µğŸ‡ª #VacÃºnatePorTu2022 ğŸ’‰âœ¨ https://t.co/4RfnkDWnF2
114,1473073763881263110,2021-12-20,15,140,"Â¡Lambayeque llegÃ³ al 71.7% de vacunados contra la #COVID19! MÃ¡s  800 000 lambayecanos protegidos. ğŸ’‰âœ¨ Y tÃº, Â¿quÃ© esperas?  #VacÃºnatePorTu2022 https://t.co/IPifVAihPc"
115,1472958997468782600,2021-12-20,0,8,@tutubello71 El adelanto de la dosis de refuerzo ha sido una medida de emergencia tomada esta maÃ±ana. Los centros de vacunaciÃ³n contra la COVID-19 irÃ¡n implementÃ¡ndola a lo largo del dÃ­a.
116,1472969922020003849,2021-12-20,0,0,@elvistq La decisiÃ³n de adelantar la aplicaciÃ³n de la dosis de refuerzo ha sido de emergencia. La implementaciÃ³n en todos los centros de vacunaciÃ³n se producirÃ¡ durante el dÃ­a.
117,1472969854269464589,2021-12-20,0,5,@msalvatierra62 La decisiÃ³n de adelantar la aplicaciÃ³n de la dosis de refuerzo ha sido de emergencia. La implementaciÃ³n en todos los centros de vacunaciÃ³n se producirÃ¡ durante el dÃ­a.
118,1472976381617262598,2021-12-20,2,22,"En esta actividad 40 brigadas que van al encuentro de aquellas familias que tienen pendiente la aplicaciÃ³n de la vacuna contra la #COVID19. AdemÃ¡s la meta es vacunar a mÃ¡s de 4 mil familias de Lima Sur los dÃ­as 20, 21 y 22 de diciembre. #VacÃºnatePorTu2022 https://t.co/Z7jPP2b9Cz"
119,1472965392675090433,2021-12-20,0,0,@tango_feroz1980 @DiresaLor La decisiÃ³n de adelantar la aplicaciÃ³n de la dosis de refuerzo ha sido de emergencia. La implementaciÃ³n en todos los centros de vacunaciÃ³n se producirÃ¡ durante el dÃ­a.
120,1472960072183656452,2021-12-20,2,4,@debsotomayor La tercera dosis de refuerzo es para mayores de 18 aÃ±os que hayan cumplido 3 meses con su segunda dosis.
121,1472960210557886468,2021-12-20,1,3,@oscarperezch La decisiÃ³n de adelantar la aplicaciÃ³n de la dosis de refuerzo ha sido de emergencia. La implementaciÃ³n en todos los centros de vacunaciÃ³n se producirÃ¡ durante el dÃ­a.
122,1472960939431505934,2021-12-20,0,1,@chreob La decisiÃ³n de adelantar la aplicaciÃ³n de la dosis de refuerzo ha sido de emergencia. La implementaciÃ³n en todos los centros de vacunaciÃ³n se producirÃ¡ durante el dÃ­a.
123,1472961067953410055,2021-12-20,3,3,@mmmch La decisiÃ³n de adelantar la aplicaciÃ³n de la dosis de refuerzo ha sido de emergencia. La implementaciÃ³n en todos los centros de vacunaciÃ³n se producirÃ¡ durante el dÃ­a.
124,1472969026750062595,2021-12-20,0,0,@Carlos19582377 La decisiÃ³n de adelantar la aplicaciÃ³n de la dosis de refuerzo ha sido de emergencia. La implementaciÃ³n en todos los centros de vacunaciÃ³n se producirÃ¡ durante el dÃ­a.
125,1472961299449618442,2021-12-20,0,0,@Bru_n1t0 La decisiÃ³n de adelantar la aplicaciÃ³n de la dosis de refuerzo ha sido de emergencia. La implementaciÃ³n en todos los centros de vacunaciÃ³n se producirÃ¡ durante el dÃ­a.
126,1472961529091969030,2021-12-20,0,0,@ivxnna La tercera dosis de refuerzo es para mayores de 18 aÃ±os que hayan cumplido 3 meses con su segunda dosis.
127,1472961695492591618,2021-12-20,0,0,@SoyLuzMontoya La tercera dosis de refuerzo es para mayores de 18 aÃ±os que hayan cumplido 3 meses con su segunda dosis.
128,1472961193232973837,2021-12-20,0,1,@Toty17 La decisiÃ³n de adelantar la aplicaciÃ³n de la dosis de refuerzo ha sido de emergencia. La implementaciÃ³n en todos los centros de vacunaciÃ³n se producirÃ¡ durante el dÃ­a.
129,1472962008869912578,2021-12-20,0,2,@elvistq La decisiÃ³n de adelantar la aplicaciÃ³n de la dosis de refuerzo ha sido de emergencia. La implementaciÃ³n en todos los centros de vacunaciÃ³n se producirÃ¡ durante el dÃ­a.
130,1472962350173016068,2021-12-20,0,0,@gis_lla La decisiÃ³n de adelantar la aplicaciÃ³n de la dosis de refuerzo ha sido de emergencia. La implementaciÃ³n en todos los centros de vacunaciÃ³n se producirÃ¡ durante el dÃ­a.
131,1472962551940009991,2021-12-20,0,0,@franzmanya La decisiÃ³n de adelantar la aplicaciÃ³n de la dosis de refuerzo ha sido de emergencia. La implementaciÃ³n en todos los centros de vacunaciÃ³n se producirÃ¡ durante el dÃ­a.
132,1472962737013727238,2021-12-20,25,72,@4carlosantacruz @saludconlupa @JaimeChincha @socioperiodismo @rmapalacios La decisiÃ³n de adelantar la aplicaciÃ³n de la dosis de refuerzo ha sido de emergencia. La implementaciÃ³n en todos los centros de vacunaciÃ³n se producirÃ¡ durante el dÃ­a.
133,1472963381883809800,2021-12-20,12,42,"@GabrielAdrianSc @JHLibertad_1 El Minsa informa que todas las personas que tengan mÃ¡s de 3 meses desde su segunda dosis, deben recibir una dosis de refuerzo. No importa la vacuna que se pusieron anteriormente. Las vacunas de refuerzo que se aplican en el PerÃº son Pfizer y AstrZeneca"
134,1472963426783793161,2021-12-20,3,45,"@RRosariozpm El #Minsa reitera que en el PerÃº se vienen aplicando las vacunas de Pfizer y AstraZeneca como dosis de refuerzo. Asimismo, se recuerda que las vacunas de #Sinopharm han protegido adecuadamente a millones de peruanos del riesgo de morir por COVID-19."
135,1472961916742029318,2021-12-20,1,3,@Isa240912 La decisiÃ³n de adelantar la aplicaciÃ³n de la dosis de refuerzo ha sido de emergencia. La implementaciÃ³n en todos los centros de vacunaciÃ³n se producirÃ¡ durante el dÃ­a.
136,1473343230397747203,2021-12-21,4,41,"""Hemos dispuesto la compra de 600 camas UCI y 300 cÃ¡nulas de alto flujo. Estamos revisando en cada una de las regiones la provisiÃ³n de oxÃ­geno, concentradores y la cantidad de balones de oxÃ­geno"" expresÃ³ el titular de salud. https://t.co/dfRz3t7qoO"
137,1473435615815364609,2021-12-21,9,28,"#LaSaludEsTuDerecho ğŸ’ª | Â¡Ponte al dÃ­a en tus vacunas! ğŸ’‰âœ¨ Todos debemos cuidar que las enfermedades controladas no reingresen a nuestro paÃ­s. Por eso, es importante completar las vacunas pendientes. ğŸ‘¨ğŸ»â€âš•ï¸ https://t.co/LUNa8aBiCN"
138,1473421834972536834,2021-12-21,19,69,"#LaSaludEsTuDerecho ğŸ‡µğŸ‡ª | Todas las vacunas son seguras, gratuitas y de calidad. ğŸ’‰âœ¨ https://t.co/NVwidqyaFe"
139,1473416693741412357,2021-12-21,12,42,"Esta tarde, el Hospital Sergio Bernales del distrito de Comas, inaugurÃ³ una planta de oxÃ­geno medicinal que servirÃ¡ para la atenciÃ³n de pacientes #COVID19. #NoBajemosLaGuardia https://t.co/i3rrsV1Zs7"
140,1473405286497112073,2021-12-21,15,71,"#VacÃºnatePorTu2022 ğŸ‡µğŸ‡ª | Las brigadas de vacunaciÃ³n llegaron a El Progreso en Carabayllo, donde mÃ¡s de 300 personas se realizaron descarte y vacunaciÃ³n contra la #COVID19. ğŸ’‰âœ¨ https://t.co/V3gMWaw1AW"
141,1473367675392901127,2021-12-21,12,32,"ğŸ¶  En estas fiestas lleva amor, paz y salud a tu hogar. ğŸ„âœ¨ Â¡Vive la navidad junto a los Toribianitos!  ğŸ…ğŸ»

Disfruta de la canciÃ³n aquÃ­ ğŸ‘‡ğŸ» https://t.co/Lyjr0jSHu3 #NoBajemosLaGuardia https://t.co/KqOYazGtHO"
142,1473354182509924358,2021-12-21,18,56,â–¶ï¸ Conoce los centros de vacunaciÃ³n contra la #COVID19 de Lima Metropolitana y Callao. ğŸ’‰âœ¨ #VacÃºnatePorTu2022 ğŸ‡µğŸ‡ª
143,1473343217395404808,2021-12-21,20,114,"El #Minsa estÃ¡ preparado para afrontar la #COVID19 y el impacto que pueda tener Ã³micron, afirmÃ³ el ministro Cevallos ""Tenemos mejores condiciones, mÃ¡s camas UCI y provisiÃ³n de oxÃ­geno, nuestro personal de salud tiene mÃ¡s experiencia"" https://t.co/TYW7FTgLfO"
144,1473376079339425793,2021-12-21,16,74,"Con el fin de reforzar acciones frente al incremento de casos por la variante #Ã“micron, el #Minsa se reÃºne con alcaldes y representantes de la municipalidades de Lima Metropolitana y Callao. https://t.co/ZdDZGDaStY"
145,1473292176473964551,2021-12-21,11,47,"No te pierdas nuestra muestra fotogrÃ¡fica itinerante ""Volver a vivir: Rastros y rostros de la pandemia en el PerÃº"". ğŸ“¸ 

Esta exposiciÃ³n busca tomar conciencia en las personas sobre la necesidad de no bajar la guardia ante la #COVID19. Â¡Te esperamos en Plaza Norte! https://t.co/waYwlI0gtm"
146,1473307475663228928,2021-12-21,17,70,"Â¡Iniciamos el #VacunaCole en I.E. MelitÃ³n Carbajal de Lince! ğŸ“ğŸ’‰
Las brigadas de salud vacunan a la comunidad estudiantil contra la #COVID19.
AdemÃ¡s brindamos servicios de salud bucal y vacunaciÃ³n de esquema regular. 
Â¡Los esperamos hasta la 1 pm!
#VacÃºnatePortu2022 ğŸ’‰âœ¨ https://t.co/uc4QEMDroQ"
147,1473094827856199682,2021-12-21,31,139,"El @INS_Peru precisa que las vacunas que se aplican en el PerÃº protegen adecuadamente del riesgo de morir y hacer cuadros graves de la #COVID19.

https://t.co/TEnC6yeNXI"
148,1473102473695047684,2021-12-21,16,65,"â–¶ï¸ Del 21 de diciembre al 15 de enero, el #Minsa estarÃ¡ distribuyendo 3344 equipos de cadena de frÃ­o para almacenamiento de vacunas contra la #COVID19 en 9 regiones del paÃ­s para continuar con el proceso de protecciÃ³n a la poblaciÃ³n. âœ¨ğŸ’‰ https://t.co/sNvDenH0iA"
149,1473113171183480832,2021-12-21,47,127,â–¶ï¸ El ministro Hernando Cevallos ratifica la efectividad de las vacunas contra la #COVID19 e importancia de la dosis de refuerzo frente a la nueva variante #Ã“micron. #VacÃºnatePorTu2022 ğŸ‡µğŸ‡ª https://t.co/GWYAkofjcP
150,1473080777185320968,2021-12-21,134,660,ACTUALIZACIÃ“N | Esta es la situaciÃ³n de la vacunaciÃ³n contra la #COVID19 en PerÃº hasta las 18:05 horas del 20 de diciembre. #VacÃºnatePorTu2022 https://t.co/dwMKTwiYGF
151,1473139612461805569,2021-12-21,0,0,@Patricia_Neyra https://t.co/V5QKuSIzKD
152,1473148662062534657,2021-12-21,124,476,"ACTUALIZACIÃ“N | Esta es la situaciÃ³n de la #COVID19 en PerÃº hasta las 22:00 horas del 19 de diciembre. #NoBajemosLaGuardia

MÃ¡s informaciÃ³n: 
https://t.co/F4yKTqCOBq https://t.co/L38EkJY0fs"
153,1473262325167575049,2021-12-21,15,90,"Luis Solano, ciclista colombiano residente, recibiÃ³ su dosis de refuerzo contra la #COVID19. ğŸ’‰âœ¨ AsÃ­ como Ã©l, tÃº tambiÃ©n  #VacÃºnatePorTu2022 y continÃºa cumpliendo con las medidas de prevenciÃ³n. https://t.co/wBTWPsRk9G"
154,1473126085655085056,2021-12-21,15,61,Â¡Las vacunas nos dan esperanza!  ğŸ’‰âœ¨ Pero es muy importante seguir cumpliendo con las medidas de prevenciÃ³n. ğŸ˜· El ministro Hernando Cevallos nos recuerda que no debemos descuidarnos en estÃ¡s fiestas. #NoBajemosLaGuardia ğŸ‡µğŸ‡ª https://t.co/dPckP7DSpT
155,1473496843040526337,2021-12-22,148,471,"ACTUALIZACIÃ“N | Esta es la situaciÃ³n de la #COVID19 en PerÃº hasta las 22:00 horas del 20 de diciembre. #NoBajemosLaGuardia

MÃ¡s informaciÃ³n: https://t.co/jqHhgJZs0c https://t.co/zVrj6AVmTj"
156,1473745405796098057,2021-12-22,77,163,"ğŸ”´ #FactCheck | Alertamos a la poblaciÃ³n ante la divulgaciÃ³n de informaciÃ³n falsa. Tu participaciÃ³n es importante. Protege tu salud, no compartas noticias falsas. https://t.co/ozuoE5s7bH"
157,1473730057398939648,2021-12-22,19,48,Â¡Ponle un alto a las noticias falsas! ğŸš«ğŸ™…ğŸ»â€â™‚ï¸ AquÃ­ te enseÃ±amos a reportar estas noticias en las redes sociales. ğŸ“² #SiempreConElPueblo âœ¨ https://t.co/02ejvvlpgX
158,1473669679948337154,2021-12-22,50,160,"#VacÃºnatePorTu2022 ğŸ‡µğŸ‡ª | En esta navidad ğŸ„, refuerza tu protecciÃ³n contra la #COVID19. Â¡Las vacunas nos dan esperanza! ğŸ’‰âœ¨ https://t.co/JkeKp6qXpN"
159,1473652537018433543,2021-12-22,1,33,"El congresista Saavedra, presidente de la ComisiÃ³n de Salud del Parlamento, recibiÃ³ su dosis de refuerzo en el centro de vacunaciÃ³n del Campo de Marte https://t.co/utJbtRB6TM"
160,1473651367046750213,2021-12-22,22,164,"Seguimos vacunando. Cientos de ciudadanos acuden al centro de vacunaciÃ³n del Campo de Marte, para protegerse de la #COVID19. La actividad fue supervisada por el ministro de Salud, Hernando Cevallos y el presidente de la ComisiÃ³n de Salud del Congreso, Hitler Saavedra https://t.co/4YAsxHdcrA"
161,1473594161609809923,2021-12-22,206,472,"#LaSaludEsTuDerecho âœ¨ | Conoce el Esquema Regular de VacunaciÃ³n, asÃ­ previenes mÃ¡s de 26 enfermedades. ğŸ’‰ğŸ‘©ğŸ»â€âš•ï¸ https://t.co/WHlGxVEoMT"
162,1473488472182865922,2021-12-22,5,37,"El viceministro, Augusto Tarazona, se reuniÃ³ hoy con la presidenta de la Sociedad Peruana de la Medicina Familiar y Comunitaria, Rosa Villanueva Carrasco, para generar un espacio de cooperaciÃ³n en el marco de las acciones frente a la tercera ola de la pandemia por la #COVID19. https://t.co/hbNNJMUTBP"
163,1473790453900365832,2021-12-22,24,62,"Ãšnete al hashtag #VacÃºnatePorTu2022 ğŸ’ª y anima a tus amigos a vacunarse contra la #COVID19. ğŸ¤© Â¡Las vacunas nos dan esperanza! âœ¨ğŸ’‰

âœ… Usa nuestro marco de fotos, solo dale clic aquÃ­ ğŸ‘‡"
164,1473469394865033216,2021-12-22,2,24,Durante la reuniÃ³n se conformÃ³ un equipo de trabajo en conjunto para enfrentar la tercera ola y la nueva variante #Ã³micron de la #COVID19. El equipo trabajarÃ¡ en la unificaciÃ³n del sistema de informaciÃ³n en la respuesta organizacional a travÃ©s de equipos de salud itinerantes. https://t.co/KnsNXWWelI
165,1473469387910877192,2021-12-22,5,40,"Hoy se llevÃ³ a cabo una reuniÃ³n de coordinaciÃ³n entre el viceministro de Salud, Augusto Tarazona y el equipo tÃ©cnico de @EsSaludPeru liderado por su gerente de Operaciones, Gino DÃ¡vida. https://t.co/75LOU2SH5J"
166,1473463811919204357,2021-12-22,2,18,"â€œSabemos que la nueva variante Ã³micron podrÃ­a contagiar a nuestra poblaciÃ³n no vacunada con la segunda dosis o la tercera de refuerzo, por ello estamos recurriendo a su experiencia que nos permita avanzar con la vacunaciÃ³n. Lo que no vamos hacer es retrocederâ€, Hernando Cevallos https://t.co/Yu0Fb1MPUN"
167,1473463805657202691,2021-12-22,7,39,"Las Direcciones de Redes Integrales de Salud y sus Red Integral de Salud de Lima Metropolitana, se reunieron con el ministro y viceministro de Salud, para fortalecer las estrategias que permitan cerrar brechas y garantizar la aplicaciÃ³n de la tercera dosis contra la #COVID19. https://t.co/Uh54QGZn9e"
168,1473458424935559173,2021-12-22,27,161,Saludamos el compromiso y esfuerzo de todos los trabajadores de salud ğŸ‘©ğŸ»â€âš•ï¸ğŸ§‘ğŸ½â€âš•ï¸por el 75% de poblaciÃ³n objetivo vacunada con las dos dosis https://t.co/8RwlFlcnzo
169,1473445992439627780,2021-12-22,136,637,Â¡Un nuevo logro del PerÃº! ğŸ’ªğŸ¼ El 75% de la poblaciÃ³n objetivo cuenta con ambas dosis de la vacuna contra la #COVID19. ğŸ‡µğŸ‡ª  Juntos seguiremos avanzando en este proceso de vacunaciÃ³n. #VacÃºnatePorTu2022 ğŸ’‰âœ¨ https://t.co/JxPgracpt7
170,1473444216227479552,2021-12-22,60,308,ACTUALIZACIÃ“N | Esta es la situaciÃ³n de la vacunaciÃ³n contra la #COVID19 en PerÃº hasta las 18:02 horas del 21 de diciembre. #VacÃºnatePorTu2022 https://t.co/LUewCcRODx
171,1473443164056862720,2021-12-22,8,21,"ğŸ”´ğŸ“² InfÃ³rmate en #TiempoDeSalud:

âœ… Variante Ã³micron llegÃ³ al paÃ­s.
âœ… ContinÃºa la vacunaciÃ³n con ""Vamos a tu encuentro"".
âœ… Modernos hospitales mÃ³viles para casos de emergencias y desastres en temporada de lluvias. https://t.co/AJYpfpqCZ1"
172,1473480913069613057,2021-12-22,4,45,"Con el objetivo de conocer el estado del nuevo hospital Felipe HuamÃ¡n Poma de Ayala en la provincia de Lucanas, Ayacucho, el Ministro de Salud, Hernando Cevallos se reuniÃ³ con el alcalde provincial de Lucanas, el director de la Red de Salud, y representantes de la sociedad civil. https://t.co/i2cDizQZxP"
173,1474160390158184473,2021-12-23,45,95,"Para disminuir el contagio de la #COVID19 usa correctamente tus mascarillas ğŸ˜·
â¡ï¸Sigue estas recomendaciones para que puedas protegerte de manera adecuada y evitar la propagaciÃ³n de la #COVID19. https://t.co/r4Q2JrSbwt"
174,1474152843976142850,2021-12-23,7,35,"â–¶ï¸ En esta navidad, no olvides seguir cumpliendo con las medidas de prevenciÃ³n contra la #COVID19. ğŸ˜·âœ¨ Â¡Lleva a casa salud, amor y paz en estas fiestas! ğŸ…ğŸ»ğŸ„#NoBajemosLaGuardia ğŸ’ª https://t.co/9dqpDqTv9a"
175,1474147737407213569,2021-12-23,33,96,En estas fiestas navideÃ±as ğŸŒ²âœ¨ recuerda cuidar tu burbuja social. Â¡Protege  tu salud y la de tu familia! â¤ï¸ #NoBajemosLaGuardia https://t.co/VrbXGUfMRX
176,1474147466178084866,2021-12-23,7,39,"En estos momentos el #MINSA realiza el taller VacunaciÃ³n, variante Ã³micron y noticias falsas, dirigido a periodistas de regiones. https://t.co/D1Igt3Cw81"
177,1474092450058801156,2021-12-23,17,61,#LaSaludEsTuDerecho ğŸ‡µğŸ‡ª | Conserva tu cartilla de vacunaciÃ³n y haz seguimiento de las vacunas que le faltan a tu hija o hijo. ğŸ‘©â€ğŸ‘§â€ğŸ‘¦âœ¨ https://t.co/eMWRETM7ci
178,1474051652197961741,2021-12-23,7,28,El MINSA recomienda a los usuarios del transporte pÃºblico urbano tener su vacunaciÃ³n completa y recuerda que para el transporte interprovincial es obligatorio la presentaciÃ³n del carnet de vacunaciÃ³n. https://t.co/8DvAPLN3l5
179,1474062249971040259,2021-12-23,16,83,La vacunaciÃ³n es responsabilidad de todos. ğŸ™Œ  Es vital que estemos vacunados para reducir el impacto de la tercera ola. ğŸ’‰âœ¨ #VacÃºnatePorTu2022 ğŸ‡µğŸ‡ª https://t.co/2GsjgBMDD8
180,1474032062260604931,2021-12-23,20,47,â–¶ï¸ Te brindamos algunos consejos para que pases con alegrÃ­a y sin accidentes esta navidad. ğŸ„âœ¨#ArbolitoNavideÃ±oSeguro ğŸ…ğŸ» https://t.co/uCFoS8bxNd
181,1474014817245491208,2021-12-23,487,1058,"#AHORA | En las Ãºltimas 36 horas se han incrementado exponencialmente casos Ã³micron. ""Hay 47 casos confirmados en Lima, 10 son contactos directos con los casos iniciales."", seÃ±alÃ³ el ministro de Salud, Hernando Cevallos."
182,1473998276185759747,2021-12-23,25,65,Â¡Ponle un alto a las noticias falsas! ğŸš«ğŸ™…ğŸ»â€â™‚ï¸ AquÃ­ te enseÃ±amos a reportar estas noticias en las redes sociales. ğŸ“² #SiempreConElPueblo âœ¨ https://t.co/U85JdOjyIb
183,1473856866597933060,2021-12-23,116,342,"ACTUALIZACIÃ“N | Esta es la situaciÃ³n de la #COVID19 en PerÃº hasta las 22:00 horas del 21 de diciembre. #NoBajemosLaGuardia

MÃ¡s informaciÃ³n: https://t.co/Mdx5X6ZKHf https://t.co/HQq3PCwOjd"
184,1473843301438693378,2021-12-23,20,60,â–¶ï¸ Â¡Vive tu graduaciÃ³n sin #COVID19! ğŸ™Œ Sigue estas recomendaciones para evitar los contagios. ğŸ˜·  #NoBajemosLaGuardia ğŸ’ª #SiempreConElPueblo âœ¨ https://t.co/hY1EB24Vqz
185,1473817728163225620,2021-12-23,426,929,ğŸ”´ ATENCIÃ“N | El #Minsa informa que para evitar la propagaciÃ³n de la #COVID19 se ha dispuesto las siguientes restricciones: https://t.co/SqEu8Yim8B
186,1473805559925297152,2021-12-23,115,457,ACTUALIZACIÃ“N | Esta es la situaciÃ³n de la vacunaciÃ³n contra la #COVID19 en PerÃº hasta las 18:00 horas del 22 de diciembre. #VacÃºnatePorTu2022 https://t.co/jr42x2LABt
187,1474051612377292809,2021-12-23,24,74,"Las medidas expuestas buscan prevenir el contagio de la variante Ã³micron en estas fiestas, debido al incremento de los casos en las Ãºltimas 36 horas, ya que de 12 casos se ha pasado a 47 casos confirmados en Lima. https://t.co/sBKV4uHpBy"
188,1474394463413813248,2021-12-24,8,27,Conoce lo que debes tener en cuenta para una alimentaciÃ³n saludable en estas fiestas navideÃ±as asÃ­ evitas comer en exceso en la cena navideÃ±ağŸ„ğŸğŸ¥‚ https://t.co/3FBXmNVSie
189,1474386882368655369,2021-12-24,13,28,"Â¡Vive sin tabaco y gana vida! ğŸš¬âŒ
Conoce las consecuencias que puede contraer el consumo excesivo del tabaco en el organismo. https://t.co/sl1q3jMPPh"
190,1474381741796253699,2021-12-24,14,40,"ğŸš¨ ATENCIÃ“N | Conoce el Decreto Supremo NÂ° 186-2021-PCM con las medidas de prevenciÃ³n para seguir protegiÃ©ndonos contra la #COVID19 ğŸ˜·

DescÃ¡rgalo aquÃ­ â¬‡ï¸ 
https://t.co/kxtjGh1Nqt https://t.co/FM8sUySZnj"
191,1474371942677241857,2021-12-24,14,34,"âœ¨ğŸ„ En esta Navidad, renovamos nuestro compromiso para acercar el derecho a la salud a mÃ¡s peruanos y peruanas. #SiempreConElPueblo

Â¡No bajemos la guardia!

#VacÃºnatePorTu2022 https://t.co/YeOmD3gspL"
192,1474176920464117760,2021-12-24,20,96,"El miÃ©rcoles Ãºltimo, el PerÃº recibiÃ³ 1 090 200 dosis de la vacuna de AstraZeneca y para el 26 de diciembre se aguarda la llegada de otras 702 000 dosis de Pfizer. https://t.co/YKLcfsgD0V"
193,1474200920137379843,2021-12-24,69,321,"Reconociendo la sacrificada labor del personal de salud para enfrentar la pandemia y acercar la salud a nuestro pueblo, hoy hemos logrado la publicaciÃ³n del DU 112-2021 que otorga un bono extraordinario como parte del compromiso de la actual gestiÃ³n.
 https://t.co/CQsjArM7BA https://t.co/sI7EMy8saB"
194,1474190590124331009,2021-12-24,10,50,"Valoremos cada momento vivido en uniÃ³n familiar, cuidando de la salud de los que mÃ¡s amamos. #LaSaludEsTuDerecho âœ¨ https://t.co/UXfjw3ZRjv"
195,1474176914558525440,2021-12-24,107,517,"#LaSaludEsTuDerecho | Esta tarde llegaron al paÃ­s 906 750 dosis de la vacuna contra la #COVID19 de la marca Pfizer, que permitirÃ¡n seguir protegiendo a los peruanos de hacer cuadros graves o morir por la pandemia. https://t.co/q3pEUhiak4"
196,1474175489480740874,2021-12-24,14,50,La vacunaciÃ³n es responsabilidad de todos. #VacÃºnatePorTu2022 ğŸ’‰âœ¨ https://t.co/Bzjx3SgBhC
197,1474209596172423173,2021-12-24,129,307,"ACTUALIZACIÃ“N | Esta es la situaciÃ³n de la #COVID19 en PerÃº hasta las 22:00 horas del 22 de diciembre. #NoBajemosLaGuardia

MÃ¡s informaciÃ³n: 
https://t.co/QmpZ3eSKa7 https://t.co/ko7IPXJXvD"
198,1474397264424706052,2021-12-24,9,64,"Cientos de peruanos acuden al vacunatorio de Campo de Marte, en JesÃºs MarÃ­a, para protegerse contra la #COVID19. Entre ellos, encontramos a la congresista @SuselParedes, quien recibiÃ³ su dosis de refuerzo y conversÃ³ con la directora de Inmunizaciones del Minsa, Gabriela JimÃ©nez https://t.co/wbOH6Ayto5"
